"TIME","GEO","UNIT","TRA_MEAS","SCHEDULE","TRA_COV","Value","Flag and Footnotes"
"2005","European Union - 28 countries","Flight","Commercial passenger air flights","Total","Total transport",":",""
"2005","European Union - 27 countries (2007-2013)","Flight","Commercial passenger air flights","Total","Total transport",":",""
"2005","Belgium","Flight","Commercial passenger air flights","Total","Total transport","217,616",""
"2005","Czechia","Flight","Commercial passenger air flights","Total","Total transport","156,956",""
"2005","Denmark","Flight","Commercial passenger air flights","Total","Total transport","301,401",""
"2005","Germany (until 1990 former territory of the FRG)","Flight","Commercial passenger air flights","Total","Total transport","1,616,746",""
"2005","Estonia","Flight","Commercial passenger air flights","Total","Total transport","24,344",""
"2005","Ireland","Flight","Commercial passenger air flights","Total","Total transport","224,577",""
"2005","Greece","Flight","Commercial passenger air flights","Total","Total transport","296,987",""
"2005","Spain","Flight","Commercial passenger air flights","Total","Total transport","1,272,290",""
"2005","France","Flight","Commercial passenger air flights","Total","Total transport","1,336,730",""
"2005","Italy","Flight","Commercial passenger air flights","Total","Total transport","985,423",""
"2005","Cyprus","Flight","Commercial passenger air flights","Total","Total transport","59,720",""
"2005","Latvia","Flight","Commercial passenger air flights","Total","Total transport","30,343",""
"2005","Lithuania","Flight","Commercial passenger air flights","Total","Total transport","31,023",""
"2005","Luxembourg","Flight","Commercial passenger air flights","Total","Total transport","39,256",""
"2005","Hungary","Flight","Commercial passenger air flights","Total","Total transport","109,640",""
"2005","Malta","Flight","Commercial passenger air flights","Total","Total transport","28,737",""
"2005","Netherlands","Flight","Commercial passenger air flights","Total","Total transport","425,681",""
"2005","Austria","Flight","Commercial passenger air flights","Total","Total transport","280,643",""
"2005","Poland","Flight","Commercial passenger air flights","Total","Total transport","123,492",""
"2005","Portugal","Flight","Commercial passenger air flights","Total","Total transport","217,501",""
"2005","Romania","Flight","Commercial passenger air flights","Total","Total transport","72,673",""
"2005","Slovenia","Flight","Commercial passenger air flights","Total","Total transport","25,870",""
"2005","Slovakia","Flight","Commercial passenger air flights","Total","Total transport","26,420",""
"2005","Finland","Flight","Commercial passenger air flights","Total","Total transport","179,171",""
"2005","Sweden","Flight","Commercial passenger air flights","Total","Total transport","316,792",""
"2005","United Kingdom","Flight","Commercial passenger air flights","Total","Total transport","1,854,589",""
"2005","Iceland","Flight","Commercial passenger air flights","Total","Total transport","14,273",""
"2005","Norway","Flight","Commercial passenger air flights","Total","Total transport","382,029",""
"2005","Switzerland","Flight","Commercial passenger air flights","Total","Total transport","382,382",""
"2006","European Union - 28 countries","Flight","Commercial passenger air flights","Total","Total transport",":",""
"2006","European Union - 27 countries (2007-2013)","Flight","Commercial passenger air flights","Total","Total transport",":",""
"2006","Belgium","Flight","Commercial passenger air flights","Total","Total transport","245,464",""
"2006","Czechia","Flight","Commercial passenger air flights","Total","Total transport","164,921",""
"2006","Denmark","Flight","Commercial passenger air flights","Total","Total transport","290,614",""
"2006","Germany (until 1990 former territory of the FRG)","Flight","Commercial passenger air flights","Total","Total transport","1,669,783",""
"2006","Estonia","Flight","Commercial passenger air flights","Total","Total transport","24,730",""
"2006","Ireland","Flight","Commercial passenger air flights","Total","Total transport","236,819",""
"2006","Greece","Flight","Commercial passenger air flights","Total","Total transport","316,834",""
"2006","Spain","Flight","Commercial passenger air flights","Total","Total transport","1,318,612",""
"2006","France","Flight","Commercial passenger air flights","Total","Total transport","1,384,874",""
"2006","Italy","Flight","Commercial passenger air flights","Total","Total transport","1,039,531",""
"2006","Cyprus","Flight","Commercial passenger air flights","Total","Total transport","64,073",""
"2006","Latvia","Flight","Commercial passenger air flights","Total","Total transport","35,532",""
"2006","Lithuania","Flight","Commercial passenger air flights","Total","Total transport","32,011",""
"2006","Luxembourg","Flight","Commercial passenger air flights","Total","Total transport","39,890",""
"2006","Hungary","Flight","Commercial passenger air flights","Total","Total transport","110,626",""
"2006","Malta","Flight","Commercial passenger air flights","Total","Total transport","26,636",""
"2006","Netherlands","Flight","Commercial passenger air flights","Total","Total transport","449,566",""
"2006","Austria","Flight","Commercial passenger air flights","Total","Total transport","280,054",""
"2006","Poland","Flight","Commercial passenger air flights","Total","Total transport","220,134",""
"2006","Portugal","Flight","Commercial passenger air flights","Total","Total transport","230,553",""
"2006","Romania","Flight","Commercial passenger air flights","Total","Total transport","90,753",""
"2006","Slovenia","Flight","Commercial passenger air flights","Total","Total transport","26,494",""
"2006","Slovakia","Flight","Commercial passenger air flights","Total","Total transport","27,507",""
"2006","Finland","Flight","Commercial passenger air flights","Total","Total transport","184,330",""
"2006","Sweden","Flight","Commercial passenger air flights","Total","Total transport","324,747",""
"2006","United Kingdom","Flight","Commercial passenger air flights","Total","Total transport","1,904,068",""
"2006","Iceland","Flight","Commercial passenger air flights","Total","Total transport","15,904",""
"2006","Norway","Flight","Commercial passenger air flights","Total","Total transport","411,513",""
"2006","Switzerland","Flight","Commercial passenger air flights","Total","Total transport","374,954",""
"2007","European Union - 28 countries","Flight","Commercial passenger air flights","Total","Total transport",":",""
"2007","European Union - 27 countries (2007-2013)","Flight","Commercial passenger air flights","Total","Total transport","8,477,504",""
"2007","Belgium","Flight","Commercial passenger air flights","Total","Total transport","263,932",""
"2007","Czechia","Flight","Commercial passenger air flights","Total","Total transport","173,739",""
"2007","Denmark","Flight","Commercial passenger air flights","Total","Total transport","292,200",""
"2007","Germany (until 1990 former territory of the FRG)","Flight","Commercial passenger air flights","Total","Total transport","1,730,992",""
"2007","Estonia","Flight","Commercial passenger air flights","Total","Total transport","28,971",""
"2007","Ireland","Flight","Commercial passenger air flights","Total","Total transport","252,431",""
"2007","Greece","Flight","Commercial passenger air flights","Total","Total transport","335,339",""
"2007","Spain","Flight","Commercial passenger air flights","Total","Total transport","1,440,240",""
"2007","France","Flight","Commercial passenger air flights","Total","Total transport","1,428,532",""
"2007","Italy","Flight","Commercial passenger air flights","Total","Total transport","1,138,690",""
"2007","Cyprus","Flight","Commercial passenger air flights","Total","Total transport","67,308",""
"2007","Latvia","Flight","Commercial passenger air flights","Total","Total transport","43,605",""
"2007","Lithuania","Flight","Commercial passenger air flights","Total","Total transport","34,439",""
"2007","Luxembourg","Flight","Commercial passenger air flights","Total","Total transport","38,389",""
"2007","Hungary","Flight","Commercial passenger air flights","Total","Total transport","109,417",""
"2007","Malta","Flight","Commercial passenger air flights","Total","Total transport","27,352",""
"2007","Netherlands","Flight","Commercial passenger air flights","Total","Total transport","463,799",""
"2007","Austria","Flight","Commercial passenger air flights","Total","Total transport","300,973",""
"2007","Poland","Flight","Commercial passenger air flights","Total","Total transport","229,548",""
"2007","Portugal","Flight","Commercial passenger air flights","Total","Total transport","249,618",""
"2007","Romania","Flight","Commercial passenger air flights","Total","Total transport","102,345",""
"2007","Slovenia","Flight","Commercial passenger air flights","Total","Total transport","29,181",""
"2007","Slovakia","Flight","Commercial passenger air flights","Total","Total transport","26,893",""
"2007","Finland","Flight","Commercial passenger air flights","Total","Total transport","186,801",""
"2007","Sweden","Flight","Commercial passenger air flights","Total","Total transport","320,450",""
"2007","United Kingdom","Flight","Commercial passenger air flights","Total","Total transport","1,947,079",""
"2007","Iceland","Flight","Commercial passenger air flights","Total","Total transport","19,344",""
"2007","Norway","Flight","Commercial passenger air flights","Total","Total transport","418,836",""
"2007","Switzerland","Flight","Commercial passenger air flights","Total","Total transport","389,623",""
"2008","European Union - 28 countries","Flight","Commercial passenger air flights","Total","Total transport","8,462,864",""
"2008","European Union - 27 countries (2007-2013)","Flight","Commercial passenger air flights","Total","Total transport","8,437,416",""
"2008","Belgium","Flight","Commercial passenger air flights","Total","Total transport","273,578",""
"2008","Czechia","Flight","Commercial passenger air flights","Total","Total transport","180,589",""
"2008","Denmark","Flight","Commercial passenger air flights","Total","Total transport","304,428",""
"2008","Germany (until 1990 former territory of the FRG)","Flight","Commercial passenger air flights","Total","Total transport","1,734,776",""
"2008","Estonia","Flight","Commercial passenger air flights","Total","Total transport","31,719",""
"2008","Ireland","Flight","Commercial passenger air flights","Total","Total transport","257,876",""
"2008","Greece","Flight","Commercial passenger air flights","Total","Total transport","322,466",""
"2008","Spain","Flight","Commercial passenger air flights","Total","Total transport","1,421,113",""
"2008","France","Flight","Commercial passenger air flights","Total","Total transport","1,435,606",""
"2008","Italy","Flight","Commercial passenger air flights","Total","Total transport","1,074,529",""
"2008","Cyprus","Flight","Commercial passenger air flights","Total","Total transport","68,558",""
"2008","Latvia","Flight","Commercial passenger air flights","Total","Total transport","53,839",""
"2008","Lithuania","Flight","Commercial passenger air flights","Total","Total transport","39,665",""
"2008","Luxembourg","Flight","Commercial passenger air flights","Total","Total transport","39,257",""
"2008","Hungary","Flight","Commercial passenger air flights","Total","Total transport","104,511",""
"2008","Malta","Flight","Commercial passenger air flights","Total","Total transport","27,068",""
"2008","Netherlands","Flight","Commercial passenger air flights","Total","Total transport","458,194",""
"2008","Austria","Flight","Commercial passenger air flights","Total","Total transport","315,137",""
"2008","Poland","Flight","Commercial passenger air flights","Total","Total transport","236,925",""
"2008","Portugal","Flight","Commercial passenger air flights","Total","Total transport","247,483",""
"2008","Romania","Flight","Commercial passenger air flights","Total","Total transport","113,203",""
"2008","Slovenia","Flight","Commercial passenger air flights","Total","Total transport","32,522",""
"2008","Slovakia","Flight","Commercial passenger air flights","Total","Total transport","31,033",""
"2008","Finland","Flight","Commercial passenger air flights","Total","Total transport","194,004",""
"2008","Sweden","Flight","Commercial passenger air flights","Total","Total transport","333,871",""
"2008","United Kingdom","Flight","Commercial passenger air flights","Total","Total transport","1,909,875",""
"2008","Iceland","Flight","Commercial passenger air flights","Total","Total transport","17,626",""
"2008","Norway","Flight","Commercial passenger air flights","Total","Total transport","435,608",""
"2008","Switzerland","Flight","Commercial passenger air flights","Total","Total transport","399,892",""
"2009","European Union - 28 countries","Flight","Commercial passenger air flights","Total","Total transport","7,814,913",""
"2009","European Union - 27 countries (2007-2013)","Flight","Commercial passenger air flights","Total","Total transport","7,789,961",""
"2009","Belgium","Flight","Commercial passenger air flights","Total","Total transport","264,802",""
"2009","Czechia","Flight","Commercial passenger air flights","Total","Total transport","168,272",""
"2009","Denmark","Flight","Commercial passenger air flights","Total","Total transport","271,412",""
"2009","Germany (until 1990 former territory of the FRG)","Flight","Commercial passenger air flights","Total","Total transport","1,620,189",""
"2009","Estonia","Flight","Commercial passenger air flights","Total","Total transport","23,827",""
"2009","Ireland","Flight","Commercial passenger air flights","Total","Total transport","215,840",""
"2009","Greece","Flight","Commercial passenger air flights","Total","Total transport","327,078",""
"2009","Spain","Flight","Commercial passenger air flights","Total","Total transport","1,274,588",""
"2009","France","Flight","Commercial passenger air flights","Total","Total transport","1,316,105",""
"2009","Italy","Flight","Commercial passenger air flights","Total","Total transport","1,014,160",""
"2009","Cyprus","Flight","Commercial passenger air flights","Total","Total transport","61,986",""
"2009","Latvia","Flight","Commercial passenger air flights","Total","Total transport","57,232",""
"2009","Lithuania","Flight","Commercial passenger air flights","Total","Total transport","26,010",""
"2009","Luxembourg","Flight","Commercial passenger air flights","Total","Total transport","35,558",""
"2009","Hungary","Flight","Commercial passenger air flights","Total","Total transport","98,715",""
"2009","Malta","Flight","Commercial passenger air flights","Total","Total transport","26,625",""
"2009","Netherlands","Flight","Commercial passenger air flights","Total","Total transport","417,519",""
"2009","Austria","Flight","Commercial passenger air flights","Total","Total transport","287,432",""
"2009","Poland","Flight","Commercial passenger air flights","Total","Total transport","214,807",""
"2009","Portugal","Flight","Commercial passenger air flights","Total","Total transport","226,834",""
"2009","Romania","Flight","Commercial passenger air flights","Total","Total transport","115,694",""
"2009","Slovenia","Flight","Commercial passenger air flights","Total","Total transport","30,234",""
"2009","Slovakia","Flight","Commercial passenger air flights","Total","Total transport","24,725",""
"2009","Finland","Flight","Commercial passenger air flights","Total","Total transport","181,852",""
"2009","Sweden","Flight","Commercial passenger air flights","Total","Total transport","301,334",""
"2009","United Kingdom","Flight","Commercial passenger air flights","Total","Total transport","1,752,281",""
"2009","Iceland","Flight","Commercial passenger air flights","Total","Total transport","15,066",""
"2009","Norway","Flight","Commercial passenger air flights","Total","Total transport","379,302",""
"2009","Switzerland","Flight","Commercial passenger air flights","Total","Total transport","379,773",""
"2010","European Union - 28 countries","Flight","Commercial passenger air flights","Total","Total transport","7,716,951",""
"2010","European Union - 27 countries (2007-2013)","Flight","Commercial passenger air flights","Total","Total transport","7,693,429",""
"2010","Belgium","Flight","Commercial passenger air flights","Total","Total transport","266,644",""
"2010","Czechia","Flight","Commercial passenger air flights","Total","Total transport","158,323",""
"2010","Denmark","Flight","Commercial passenger air flights","Total","Total transport","285,365",""
"2010","Germany (until 1990 former territory of the FRG)","Flight","Commercial passenger air flights","Total","Total transport","1,618,788",""
"2010","Estonia","Flight","Commercial passenger air flights","Total","Total transport","24,751",""
"2010","Ireland","Flight","Commercial passenger air flights","Total","Total transport","195,034",""
"2010","Greece","Flight","Commercial passenger air flights","Total","Total transport","309,262",""
"2010","Spain","Flight","Commercial passenger air flights","Total","Total transport","1,282,584",""
"2010","France","Flight","Commercial passenger air flights","Total","Total transport","1,187,864",""
"2010","Italy","Flight","Commercial passenger air flights","Total","Total transport","1,042,893",""
"2010","Cyprus","Flight","Commercial passenger air flights","Total","Total transport","59,881",""
"2010","Latvia","Flight","Commercial passenger air flights","Total","Total transport","66,025",""
"2010","Lithuania","Flight","Commercial passenger air flights","Total","Total transport","31,739",""
"2010","Luxembourg","Flight","Commercial passenger air flights","Total","Total transport","35,550",""
"2010","Hungary","Flight","Commercial passenger air flights","Total","Total transport","93,752",""
"2010","Malta","Flight","Commercial passenger air flights","Total","Total transport","28,990",""
"2010","Netherlands","Flight","Commercial passenger air flights","Total","Total transport","413,355",""
"2010","Austria","Flight","Commercial passenger air flights","Total","Total transport","289,122",""
"2010","Poland","Flight","Commercial passenger air flights","Total","Total transport","221,405",""
"2010","Portugal","Flight","Commercial passenger air flights","Total","Total transport","237,344",""
"2010","Romania","Flight","Commercial passenger air flights","Total","Total transport","119,207",""
"2010","Slovenia","Flight","Commercial passenger air flights","Total","Total transport","26,643",""
"2010","Slovakia","Flight","Commercial passenger air flights","Total","Total transport","21,976",""
"2010","Finland","Flight","Commercial passenger air flights","Total","Total transport","185,386",""
"2010","Sweden","Flight","Commercial passenger air flights","Total","Total transport","306,312",""
"2010","United Kingdom","Flight","Commercial passenger air flights","Total","Total transport","1,658,508",""
"2010","Iceland","Flight","Commercial passenger air flights","Total","Total transport","15,379",""
"2010","Norway","Flight","Commercial passenger air flights","Total","Total transport","388,933",""
"2010","Switzerland","Flight","Commercial passenger air flights","Total","Total transport","385,574",""
"2011","European Union - 28 countries","Flight","Commercial passenger air flights","Total","Total transport","8,006,364",""
"2011","European Union - 27 countries (2007-2013)","Flight","Commercial passenger air flights","Total","Total transport","7,984,054",""
"2011","Belgium","Flight","Commercial passenger air flights","Total","Total transport","283,199",""
"2011","Czechia","Flight","Commercial passenger air flights","Total","Total transport","152,752",""
"2011","Denmark","Flight","Commercial passenger air flights","Total","Total transport","295,975",""
"2011","Germany (until 1990 former territory of the FRG)","Flight","Commercial passenger air flights","Total","Total transport","1,746,193",""
"2011","Estonia","Flight","Commercial passenger air flights","Total","Total transport","30,497",""
"2011","Ireland","Flight","Commercial passenger air flights","Total","Total transport","197,140",""
"2011","Greece","Flight","Commercial passenger air flights","Total","Total transport","307,451",""
"2011","Spain","Flight","Commercial passenger air flights","Total","Total transport","1,339,509",""
"2011","France","Flight","Commercial passenger air flights","Total","Total transport","1,242,775",""
"2011","Italy","Flight","Commercial passenger air flights","Total","Total transport","1,047,525",""
"2011","Cyprus","Flight","Commercial passenger air flights","Total","Total transport","58,162",""
"2011","Latvia","Flight","Commercial passenger air flights","Total","Total transport","69,826",""
"2011","Lithuania","Flight","Commercial passenger air flights","Total","Total transport","33,509",""
"2011","Luxembourg","Flight","Commercial passenger air flights","Total","Total transport","39,326",""
"2011","Hungary","Flight","Commercial passenger air flights","Total","Total transport","98,140",""
"2011","Malta","Flight","Commercial passenger air flights","Total","Total transport","28,152",""
"2011","Netherlands","Flight","Commercial passenger air flights","Total","Total transport","452,532",""
"2011","Austria","Flight","Commercial passenger air flights","Total","Total transport","286,365",""
"2011","Poland","Flight","Commercial passenger air flights","Total","Total transport","236,948",""
"2011","Portugal","Flight","Commercial passenger air flights","Total","Total transport","246,796",""
"2011","Romania","Flight","Commercial passenger air flights","Total","Total transport","119,993",""
"2011","Slovenia","Flight","Commercial passenger air flights","Total","Total transport","25,438",""
"2011","Slovakia","Flight","Commercial passenger air flights","Total","Total transport","19,838",""
"2011","Finland","Flight","Commercial passenger air flights","Total","Total transport","207,811",""
"2011","Sweden","Flight","Commercial passenger air flights","Total","Total transport","335,503",""
"2011","United Kingdom","Flight","Commercial passenger air flights","Total","Total transport","1,710,247",""
"2011","Iceland","Flight","Commercial passenger air flights","Total","Total transport","18,297",""
"2011","Norway","Flight","Commercial passenger air flights","Total","Total transport","408,862",""
"2011","Switzerland","Flight","Commercial passenger air flights","Total","Total transport","420,517",""
"2012","European Union - 28 countries","Flight","Commercial passenger air flights","Total","Total transport","7,548,191",""
"2012","European Union - 27 countries (2007-2013)","Flight","Commercial passenger air flights","Total","Total transport","7,527,477",""
"2012","Belgium","Flight","Commercial passenger air flights","Total","Total transport","272,969",""
"2012","Czechia","Flight","Commercial passenger air flights","Total","Total transport","133,569",""
"2012","Denmark","Flight","Commercial passenger air flights","Total","Total transport","285,626",""
"2012","Germany (until 1990 former territory of the FRG)","Flight","Commercial passenger air flights","Total","Total transport","1,712,690",""
"2012","Estonia","Flight","Commercial passenger air flights","Total","Total transport","39,048",""
"2012","Ireland","Flight","Commercial passenger air flights","Total","Total transport","194,697",""
"2012","Greece","Flight","Commercial passenger air flights","Total","Total transport","287,573",""
"2012","Spain","Flight","Commercial passenger air flights","Total","Total transport","1,238,512",""
"2012","France","Flight","Commercial passenger air flights","Total","Total transport","1,223,060",""
"2012","Italy","Flight","Commercial passenger air flights","Total","Total transport","1,023,162",""
"2012","Cyprus","Flight","Commercial passenger air flights","Total","Total transport","56,112",""
"2012","Latvia","Flight","Commercial passenger air flights","Total","Total transport","64,123",""
"2012","Lithuania","Flight","Commercial passenger air flights","Total","Total transport","35,209",""
"2012","Luxembourg","Flight","Commercial passenger air flights","Total","Total transport","40,379",""
"2012","Hungary","Flight","Commercial passenger air flights","Total","Total transport","75,716",""
"2012","Malta","Flight","Commercial passenger air flights","Total","Total transport","28,424",""
"2012","Netherlands","Flight","Commercial passenger air flights","Total","Total transport","458,121",""
"2012","Austria","Flight","Commercial passenger air flights","Total","Total transport","278,365",""
"2012","Poland","Flight","Commercial passenger air flights","Total","Total transport","244,901",""
"2012","Portugal","Flight","Commercial passenger air flights","Total","Total transport","245,200",""
"2012","Romania","Flight","Commercial passenger air flights","Total","Total transport","111,251",""
"2012","Slovenia","Flight","Commercial passenger air flights","Total","Total transport","22,198",""
"2012","Slovakia","Flight","Commercial passenger air flights","Total","Total transport","16,030",""
"2012","Finland","Flight","Commercial passenger air flights","Total","Total transport","187,234",""
"2012","Sweden","Flight","Commercial passenger air flights","Total","Total transport","325,641",""
"2012","United Kingdom","Flight","Commercial passenger air flights","Total","Total transport","1,691,734",""
"2012","Iceland","Flight","Commercial passenger air flights","Total","Total transport","19,897",""
"2012","Norway","Flight","Commercial passenger air flights","Total","Total transport","425,941",""
"2012","Switzerland","Flight","Commercial passenger air flights","Total","Total transport","427,044",""
"2013","European Union - 28 countries","Flight","Commercial passenger air flights","Total","Total transport","7,388,505",""
"2013","European Union - 27 countries (2007-2013)","Flight","Commercial passenger air flights","Total","Total transport","7,368,044",""
"2013","Belgium","Flight","Commercial passenger air flights","Total","Total transport","265,379",""
"2013","Czechia","Flight","Commercial passenger air flights","Total","Total transport","129,454",""
"2013","Denmark","Flight","Commercial passenger air flights","Total","Total transport","290,722",""
"2013","Germany (until 1990 former territory of the FRG)","Flight","Commercial passenger air flights","Total","Total transport","1,654,117",""
"2013","Estonia","Flight","Commercial passenger air flights","Total","Total transport","28,584",""
"2013","Ireland","Flight","Commercial passenger air flights","Total","Total transport","197,043",""
"2013","Greece","Flight","Commercial passenger air flights","Total","Total transport","285,640",""
"2013","Spain","Flight","Commercial passenger air flights","Total","Total transport","1,187,856",""
"2013","France","Flight","Commercial passenger air flights","Total","Total transport","1,194,266",""
"2013","Italy","Flight","Commercial passenger air flights","Total","Total transport","971,101",""
"2013","Cyprus","Flight","Commercial passenger air flights","Total","Total transport","49,895",""
"2013","Latvia","Flight","Commercial passenger air flights","Total","Total transport","62,215",""
"2013","Lithuania","Flight","Commercial passenger air flights","Total","Total transport","35,081",""
"2013","Luxembourg","Flight","Commercial passenger air flights","Total","Total transport","40,919",""
"2013","Hungary","Flight","Commercial passenger air flights","Total","Total transport","71,756",""
"2013","Malta","Flight","Commercial passenger air flights","Total","Total transport","30,966",""
"2013","Netherlands","Flight","Commercial passenger air flights","Total","Total transport","465,867",""
"2013","Austria","Flight","Commercial passenger air flights","Total","Total transport","265,660",""
"2013","Poland","Flight","Commercial passenger air flights","Total","Total transport","243,133",""
"2013","Portugal","Flight","Commercial passenger air flights","Total","Total transport","250,981",""
"2013","Romania","Flight","Commercial passenger air flights","Total","Total transport","105,575",""
"2013","Slovenia","Flight","Commercial passenger air flights","Total","Total transport","21,083",""
"2013","Slovakia","Flight","Commercial passenger air flights","Total","Total transport","15,278",""
"2013","Finland","Flight","Commercial passenger air flights","Total","Total transport","178,599",""
"2013","Sweden","Flight","Commercial passenger air flights","Total","Total transport","331,920",""
"2013","United Kingdom","Flight","Commercial passenger air flights","Total","Total transport","1,716,777",""
"2013","Iceland","Flight","Commercial passenger air flights","Total","Total transport","22,618",""
"2013","Norway","Flight","Commercial passenger air flights","Total","Total transport","440,386",""
"2013","Switzerland","Flight","Commercial passenger air flights","Total","Total transport","419,334",""
"2014","European Union - 28 countries","Flight","Commercial passenger air flights","Total","Total transport","7,430,766",""
"2014","European Union - 27 countries (2007-2013)","Flight","Commercial passenger air flights","Total","Total transport","7,408,960",""
"2014","Belgium","Flight","Commercial passenger air flights","Total","Total transport","274,603",""
"2014","Czechia","Flight","Commercial passenger air flights","Total","Total transport","126,393",""
"2014","Denmark","Flight","Commercial passenger air flights","Total","Total transport","291,721",""
"2014","Germany (until 1990 former territory of the FRG)","Flight","Commercial passenger air flights","Total","Total transport","1,591,574",""
"2014","Estonia","Flight","Commercial passenger air flights","Total","Total transport","28,934",""
"2014","Ireland","Flight","Commercial passenger air flights","Total","Total transport","209,700",""
"2014","Greece","Flight","Commercial passenger air flights","Total","Total transport","321,760",""
"2014","Spain","Flight","Commercial passenger air flights","Total","Total transport","1,230,742",""
"2014","France","Flight","Commercial passenger air flights","Total","Total transport","1,182,622",""
"2014","Italy","Flight","Commercial passenger air flights","Total","Total transport","960,234",""
"2014","Cyprus","Flight","Commercial passenger air flights","Total","Total transport","52,421",""
"2014","Latvia","Flight","Commercial passenger air flights","Total","Total transport","60,893",""
"2014","Lithuania","Flight","Commercial passenger air flights","Total","Total transport","39,512",""
"2014","Luxembourg","Flight","Commercial passenger air flights","Total","Total transport","42,105",""
"2014","Hungary","Flight","Commercial passenger air flights","Total","Total transport","74,832",""
"2014","Malta","Flight","Commercial passenger air flights","Total","Total transport","32,572",""
"2014","Netherlands","Flight","Commercial passenger air flights","Total","Total transport","478,872",""
"2014","Austria","Flight","Commercial passenger air flights","Total","Total transport",":",""
"2014","Poland","Flight","Commercial passenger air flights","Total","Total transport","255,419",""
"2014","Portugal","Flight","Commercial passenger air flights","Total","Total transport","266,641",""
"2014","Romania","Flight","Commercial passenger air flights","Total","Total transport","108,833",""
"2014","Slovenia","Flight","Commercial passenger air flights","Total","Total transport","20,473",""
"2014","Slovakia","Flight","Commercial passenger air flights","Total","Total transport","15,976",""
"2014","Finland","Flight","Commercial passenger air flights","Total","Total transport","176,877",""
"2014","Sweden","Flight","Commercial passenger air flights","Total","Total transport","335,475",""
"2014","United Kingdom","Flight","Commercial passenger air flights","Total","Total transport","1,751,751",""
"2014","Iceland","Flight","Commercial passenger air flights","Total","Total transport","26,889",""
"2014","Norway","Flight","Commercial passenger air flights","Total","Total transport","443,546",""
"2014","Switzerland","Flight","Commercial passenger air flights","Total","Total transport","425,860",""
"2015","European Union - 28 countries","Flight","Commercial passenger air flights","Total","Total transport","7,579,885",""
"2015","European Union - 27 countries (2007-2013)","Flight","Commercial passenger air flights","Total","Total transport","7,556,753",""
"2015","Belgium","Flight","Commercial passenger air flights","Total","Total transport","286,652",""
"2015","Czechia","Flight","Commercial passenger air flights","Total","Total transport","127,497",""
"2015","Denmark","Flight","Commercial passenger air flights","Total","Total transport","296,194",""
"2015","Germany (until 1990 former territory of the FRG)","Flight","Commercial passenger air flights","Total","Total transport","1,606,292",""
"2015","Estonia","Flight","Commercial passenger air flights","Total","Total transport","32,030",""
"2015","Ireland","Flight","Commercial passenger air flights","Total","Total transport","221,013",""
"2015","Greece","Flight","Commercial passenger air flights","Total","Total transport","341,992",""
"2015","Spain","Flight","Commercial passenger air flights","Total","Total transport","1,261,847",""
"2015","France","Flight","Commercial passenger air flights","Total","Total transport","1,194,974",""
"2015","Italy","Flight","Commercial passenger air flights","Total","Total transport","1,004,384",""
"2015","Cyprus","Flight","Commercial passenger air flights","Total","Total transport","53,636",""
"2015","Latvia","Flight","Commercial passenger air flights","Total","Total transport","63,028",""
"2015","Lithuania","Flight","Commercial passenger air flights","Total","Total transport","41,766",""
"2015","Luxembourg","Flight","Commercial passenger air flights","Total","Total transport","42,584",""
"2015","Hungary","Flight","Commercial passenger air flights","Total","Total transport","80,184",""
"2015","Malta","Flight","Commercial passenger air flights","Total","Total transport","34,377",""
"2015","Netherlands","Flight","Commercial passenger air flights","Total","Total transport","493,640",""
"2015","Austria","Flight","Commercial passenger air flights","Total","Total transport","263,773",""
"2015","Poland","Flight","Commercial passenger air flights","Total","Total transport","277,547",""
"2015","Portugal","Flight","Commercial passenger air flights","Total","Total transport","285,102",""
"2015","Romania","Flight","Commercial passenger air flights","Total","Total transport","116,988",""
"2015","Slovenia","Flight","Commercial passenger air flights","Total","Total transport","21,455",""
"2015","Slovakia","Flight","Commercial passenger air flights","Total","Total transport","17,663",""
"2015","Finland","Flight","Commercial passenger air flights","Total","Total transport","174,631",""
"2015","Sweden","Flight","Commercial passenger air flights","Total","Total transport","336,967",""
"2015","United Kingdom","Flight","Commercial passenger air flights","Total","Total transport","1,789,718",""
"2015","Iceland","Flight","Commercial passenger air flights","Total","Total transport","32,168",""
"2015","Norway","Flight","Commercial passenger air flights","Total","Total transport","442,670",""
"2015","Switzerland","Flight","Commercial passenger air flights","Total","Total transport","431,712",""
"2016","European Union - 28 countries","Flight","Commercial passenger air flights","Total","Total transport","7,857,968",""
"2016","European Union - 27 countries (2007-2013)","Flight","Commercial passenger air flights","Total","Total transport","7,832,538",""
"2016","Belgium","Flight","Commercial passenger air flights","Total","Total transport","275,513",""
"2016","Czechia","Flight","Commercial passenger air flights","Total","Total transport","134,240",""
"2016","Denmark","Flight","Commercial passenger air flights","Total","Total transport","308,483",""
"2016","Germany (until 1990 former territory of the FRG)","Flight","Commercial passenger air flights","Total","Total transport","1,645,784",""
"2016","Estonia","Flight","Commercial passenger air flights","Total","Total transport","32,165",""
"2016","Ireland","Flight","Commercial passenger air flights","Total","Total transport","240,228",""
"2016","Greece","Flight","Commercial passenger air flights","Total","Total transport","363,967",""
"2016","Spain","Flight","Commercial passenger air flights","Total","Total transport","1,354,107",""
"2016","France","Flight","Commercial passenger air flights","Total","Total transport","1,220,247",""
"2016","Italy","Flight","Commercial passenger air flights","Total","Total transport","1,045,216",""
"2016","Cyprus","Flight","Commercial passenger air flights","Total","Total transport","64,048",""
"2016","Latvia","Flight","Commercial passenger air flights","Total","Total transport","62,421",""
"2016","Lithuania","Flight","Commercial passenger air flights","Total","Total transport","44,950",""
"2016","Luxembourg","Flight","Commercial passenger air flights","Total","Total transport","47,310",""
"2016","Hungary","Flight","Commercial passenger air flights","Total","Total transport","86,292",""
"2016","Malta","Flight","Commercial passenger air flights","Total","Total transport","35,979",""
"2016","Netherlands","Flight","Commercial passenger air flights","Total","Total transport","523,149",""
"2016","Austria","Flight","Commercial passenger air flights","Total","Total transport","260,670",""
"2016","Poland","Flight","Commercial passenger air flights","Total","Total transport","285,141",""
"2016","Portugal","Flight","Commercial passenger air flights","Total","Total transport","324,691",""
"2016","Romania","Flight","Commercial passenger air flights","Total","Total transport","134,828",""
"2016","Slovenia","Flight","Commercial passenger air flights","Total","Total transport","21,256",""
"2016","Slovakia","Flight","Commercial passenger air flights","Total","Total transport","20,043",""
"2016","Finland","Flight","Commercial passenger air flights","Total","Total transport","171,925",""
"2016","Sweden","Flight","Commercial passenger air flights","Total","Total transport","347,619",""
"2016","United Kingdom","Flight","Commercial passenger air flights","Total","Total transport","1,892,806",""
"2016","Iceland","Flight","Commercial passenger air flights","Total","Total transport","43,420",""
"2016","Norway","Flight","Commercial passenger air flights","Total","Total transport","432,123",""
"2016","Switzerland","Flight","Commercial passenger air flights","Total","Total transport","442,019",""
"2017","European Union - 28 countries","Flight","Commercial passenger air flights","Total","Total transport","8,096,226",""
"2017","European Union - 27 countries (2007-2013)","Flight","Commercial passenger air flights","Total","Total transport","8,070,242",""
"2017","Belgium","Flight","Commercial passenger air flights","Total","Total transport","280,026",""
"2017","Czechia","Flight","Commercial passenger air flights","Total","Total transport","140,416",""
"2017","Denmark","Flight","Commercial passenger air flights","Total","Total transport","298,951",""
"2017","Germany (until 1990 former territory of the FRG)","Flight","Commercial passenger air flights","Total","Total transport","1,679,778",""
"2017","Estonia","Flight","Commercial passenger air flights","Total","Total transport","36,791",""
"2017","Ireland","Flight","Commercial passenger air flights","Total","Total transport","247,013",""
"2017","Greece","Flight","Commercial passenger air flights","Total","Total transport","384,560",""
"2017","Spain","Flight","Commercial passenger air flights","Total","Total transport","1,437,425",""
"2017","France","Flight","Commercial passenger air flights","Total","Total transport","1,238,929",""
"2017","Italy","Flight","Commercial passenger air flights","Total","Total transport","1,079,913",""
"2017","Cyprus","Flight","Commercial passenger air flights","Total","Total transport","71,832",""
"2017","Latvia","Flight","Commercial passenger air flights","Total","Total transport","68,720",""
"2017","Lithuania","Flight","Commercial passenger air flights","Total","Total transport","47,388",""
"2017","Luxembourg","Flight","Commercial passenger air flights","Total","Total transport","50,706",""
"2017","Hungary","Flight","Commercial passenger air flights","Total","Total transport","92,968",""
"2017","Malta","Flight","Commercial passenger air flights","Total","Total transport","41,475",""
"2017","Netherlands","Flight","Commercial passenger air flights","Total","Total transport","539,767",""
"2017","Austria","Flight","Commercial passenger air flights","Total","Total transport","260,663",""
"2017","Poland","Flight","Commercial passenger air flights","Total","Total transport","314,509",""
"2017","Portugal","Flight","Commercial passenger air flights","Total","Total transport","355,858",""
"2017","Romania","Flight","Commercial passenger air flights","Total","Total transport","150,654",""
"2017","Slovenia","Flight","Commercial passenger air flights","Total","Total transport","23,636",""
"2017","Slovakia","Flight","Commercial passenger air flights","Total","Total transport","21,171",""
"2017","Finland","Flight","Commercial passenger air flights","Total","Total transport","183,213",""
"2017","Sweden","Flight","Commercial passenger air flights","Total","Total transport","363,100",""
"2017","United Kingdom","Flight","Commercial passenger air flights","Total","Total transport","1,942,365",""
"2017","Iceland","Flight","Commercial passenger air flights","Total","Total transport","50,430",""
"2017","Norway","Flight","Commercial passenger air flights","Total","Total transport","425,122",""
"2017","Switzerland","Flight","Commercial passenger air flights","Total","Total transport","442,598",""
"2018","European Union - 28 countries","Flight","Commercial passenger air flights","Total","Total transport","8,457,352",""
"2018","European Union - 27 countries (2007-2013)","Flight","Commercial passenger air flights","Total","Total transport","8,429,143",""
"2018","Belgium","Flight","Commercial passenger air flights","Total","Total transport","284,792",""
"2018","Czechia","Flight","Commercial passenger air flights","Total","Total transport","148,730",""
"2018","Denmark","Flight","Commercial passenger air flights","Total","Total transport","307,773",""
"2018","Germany (until 1990 former territory of the FRG)","Flight","Commercial passenger air flights","Total","Total transport","1,745,207",""
"2018","Estonia","Flight","Commercial passenger air flights","Total","Total transport","39,838",""
"2018","Ireland","Flight","Commercial passenger air flights","Total","Total transport","259,103",""
"2018","Greece","Flight","Commercial passenger air flights","Total","Total transport","415,739",""
"2018","Spain","Flight","Commercial passenger air flights","Total","Total transport","1,519,178",""
"2018","France","Flight","Commercial passenger air flights","Total","Total transport","1,253,639",""
"2018","Italy","Flight","Commercial passenger air flights","Total","Total transport","1,129,216",""
"2018","Cyprus","Flight","Commercial passenger air flights","Total","Total transport","75,511",""
"2018","Latvia","Flight","Commercial passenger air flights","Total","Total transport","77,655",""
"2018","Lithuania","Flight","Commercial passenger air flights","Total","Total transport","52,605",""
"2018","Luxembourg","Flight","Commercial passenger air flights","Total","Total transport","54,787",""
"2018","Hungary","Flight","Commercial passenger air flights","Total","Total transport","104,884",""
"2018","Malta","Flight","Commercial passenger air flights","Total","Total transport","47,487",""
"2018","Netherlands","Flight","Commercial passenger air flights","Total","Total transport","549,684",""
"2018","Austria","Flight","Commercial passenger air flights","Total","Total transport","276,945",""
"2018","Poland","Flight","Commercial passenger air flights","Total","Total transport","359,952",""
"2018","Portugal","Flight","Commercial passenger air flights","Total","Total transport","380,812",""
"2018","Romania","Flight","Commercial passenger air flights","Total","Total transport","157,729",""
"2018","Slovenia","Flight","Commercial passenger air flights","Total","Total transport","24,527",""
"2018","Slovakia","Flight","Commercial passenger air flights","Total","Total transport","34,681",""
"2018","Finland","Flight","Commercial passenger air flights","Total","Total transport","198,596",""
"2018","Sweden","Flight","Commercial passenger air flights","Total","Total transport","364,976",""
"2018","United Kingdom","Flight","Commercial passenger air flights","Total","Total transport","1,955,280",""
"2018","Iceland","Flight","Commercial passenger air flights","Total","Total transport","73,823",""
"2018","Norway","Flight","Commercial passenger air flights","Total","Total transport","427,128",""
"2018","Switzerland","Flight","Commercial passenger air flights","Total","Total transport","449,150",""
